{"cameraMode":{"drawMode":0,"name":"Shaded","section":"Shading Mode"},"sceneLighting":true,"audioPlay":false,"sceneViewState":{"showFog":true,"showMaterialUpdate":false,"showSkybox":true,"showFlares":true,"showImageEffects":true,"showParticleSystems":true},"in2DMode":false,"pivot":{"x":-7.022449493408203,"y":-30.487762451171876,"z":88.50881958007813},"rotation":{"x":0.4168165624141693,"y":-0.5778930187225342,"z":0.44191449880599978,"w":0.5451533794403076},"size":159.8683319091797,"orthographic":false}